race_id,日付,場R,馬番,馬名,最高,5走平均,調教評価,備考
202607020410,08/02,中京10R,1,ロックバンド,71,62,C,
202607020410,08/02,中京10R,2,ドメイン,100,75,B,
202607020410,08/02,中京10R,3,エクストラプッシュ,76,70,B,
202607020410,08/02,中京10R,4,スターシップ,101,70,B,
202607020410,08/02,中京10R,5,オーレアミスト,81,76*,B,
202607020410,08/02,中京10R,6,ロードシュヴァリエ,90,78,B,
202607020410,08/02,中京10R,7,カイラーサ,74,42,B,
202607020410,08/02,中京10R,8,ジーティーパワー,84,76,C,
202607020410,08/02,中京10R,9,アメリカンイズム,80,68*,B,
202607020410,08/02,中京10R,10,エコロスパーダ,85,81,B,
202607020410,08/02,中京10R,11,ブームバップビート,75,69,B,
202607020410,08/02,中京10R,12,エアフォースワン,63,82,B,
202607020410,08/02,中京10R,13,スナークシャラク,77,67*,B,
202607020410,08/02,中京10R,14,ロックウイズユー,71,71*,B,
202601010808,08/16,札幌8R,1,カフジクロミエ,87,81,B,
202601010808,08/16,札幌8R,2,タイセイジェイド,99,88,B,
202601010808,08/16,札幌8R,3,タイセイルビー,82,69*,B,
202601010808,08/16,札幌8R,4,グレイスフルマーチ,95,77,B,
202601010808,08/16,札幌8R,5,ロードアルディート,92,81,B,
202601010808,08/16,札幌8R,6,スパークルレイ,-,-,C,
202601010808,08/16,札幌8R,7,タイキインドラ,92,76,B,
202601010808,08/16,札幌8R,8,ファミーユウルーズ,83,69,C,
202601010808,08/16,札幌8R,9,サマースプラッシュ,87,68,C,
202601010808,08/16,札幌8R,10,ジェネラスキング,84,77,B,
202601010808,08/16,札幌8R,11,カフェブーケット,81,68*,C,
202604020410,08/02,新潟10R,1,チームユートピア,85,70,B,
202604020410,08/02,新潟10R,2,ベルヴィヴァン,56,48*,C,
202604020410,08/02,新潟10R,3,マオノクラッシュ,100,68,C,
202604020410,08/02,新潟10R,4,レディサン,84,66,C,
202604020410,08/02,新潟10R,5,ローズブーケ,64,60*,B,
202604020410,08/02,新潟10R,6,アイアンソリッド,78,69,C,
202604020410,08/02,新潟10R,7,フュルスティン,80,67*,B,
202604020410,08/02,新潟10R,8,ビアフォーナウ,75,71*,C,
202604020410,08/02,新潟10R,9,レゲンデ,75,75*,B,
202604020410,08/02,新潟10R,10,トモジャオーリー,82,71*,B,
202604020410,08/02,新潟10R,11,カンレイスター,78,72,B,
202604020410,08/02,新潟10R,12,セイウンアインス,63,33*,C,
202604020410,08/02,新潟10R,13,ハヌル,87,69,C,
202604020410,08/02,新潟10R,14,ゴールドシャーク,54,63,B,
202601010504,08/08,札幌4R,1,サンウリエル,87,84,C,
202601010504,08/08,札幌4R,2,アセンブリールーム,98,83,B,
202601010504,08/08,札幌4R,3,アッシュバーグ,85,79*,B,
202601010504,08/08,札幌4R,4,ダノンフィオーレ,88,82,B,
202601010504,08/08,札幌4R,5,コスモレッド,94,81,C,
202601010504,08/08,札幌4R,6,ネッタイヤライ,91,85,C,
202601010504,08/08,札幌4R,7,ルーチェフィオーレ,89,77*,B,
202601010504,08/08,札幌4R,8,ブライトフレア,77,68*,C,
202601010504,08/08,札幌4R,9,ペイシャアーサー,77,75*,C,
202601010504,08/08,札幌4R,10,フレッチャアズーラ,88,83,B,
202601010504,08/08,札幌4R,11,バルボアパーク,89,83*,A,
202601010504,08/08,札幌4R,12,スタードメイソン,78,66,C,
202601010504,08/08,札幌4R,13,モルニケ,91,79,B,
202601010504,08/08,札幌4R,14,グロリアスマーチ,95,88,B,
202601010507,08/08,札幌7R,1,シェーンルスカ,59,54*,-,
202601010507,08/08,札幌7R,2,ワイドデコラシオン,84,82,B,
202601010507,08/08,札幌7R,3,グランセレスト,80,73*,C,
202601010507,08/08,札幌7R,4,ロードヴァルカン,93,75,C,
202601010507,08/08,札幌7R,5,ヨドノゴールド,74,69,C,
202601010507,08/08,札幌7R,6,ランドスター,80,70*,B,
202601010507,08/08,札幌7R,7,テーオーナタリー,90,79,B,
202601010507,08/08,札幌7R,8,カップッチョ,78,60,C,
202601010507,08/08,札幌7R,9,ステラノヴァ,82,53,C,
202601010507,08/08,札幌7R,10,グレイトソン,94,77,B,
202601010507,08/08,札幌7R,11,セイルロケット,82,56,B,
202601010507,08/08,札幌7R,12,ランプローグ,-,-,B,
202601010708,08/15,札幌8R,1,フェニーチェドーロ,82,72*,C,
202601010708,08/15,札幌8R,2,カリーン,-,-,B,
202601010708,08/15,札幌8R,3,ザハント,86,79,B,
202601010708,08/15,札幌8R,4,ファンタイムギフト,91,82,C,
202601010708,08/15,札幌8R,5,タイセツナヒ,85,75,C,
202601010708,08/15,札幌8R,6,ビービーバザーク,101,79*,B,
202601010708,08/15,札幌8R,7,ヒロイックヴァース,74,74*,B,
202601010708,08/15,札幌8R,8,ハイライトニング,83,76,B,
202601010708,08/15,札幌8R,9,ロードアマルフィ,88,85,B,
202601010708,08/15,札幌8R,10,ミスティマウンテン,93,84,C,
202601010708,08/15,札幌8R,11,ピースフルワールド,28,26,C,
202604020708,08/15,新潟8R,1,プルメリアクヒオ,79,68,C,
202604020708,08/15,新潟8R,2,インディヴァイン,84,74*,B,
202604020708,08/15,新潟8R,3,ルーナディサングエ,100,76,B,
202604020708,08/15,新潟8R,4,レボルシオン,82,74,B,
202604020708,08/15,新潟8R,5,ヨドノタイヨウ,78,52,C,
202604020708,08/15,新潟8R,6,ベストブラザーズ,85,75*,B,
202604020708,08/15,新潟8R,7,ノーブルアクト,95,72,C,
202604020708,08/15,新潟8R,8,インナーパッション,88,81*,C,
202604020708,08/15,新潟8R,9,ジェイエルモーダル,97,80,B,
202604020708,08/15,新潟8R,10,シュガーハイ,64,65,D,
202604020708,08/15,新潟8R,11,アンシュウマト,84,74,B,
202604020708,08/15,新潟8R,12,グランドスウェル,81,62*,B,
202604020708,08/15,新潟8R,13,スターチスブーケ,65,58*,C,
202604020708,08/15,新潟8R,14,ターフクリスタル,76,42,C,
202604020708,08/15,新潟8R,15,オンサイト,72,61,C,
202607020711,08/15,中京11R,1,スマートティアナ,85,68*,B,
202607020711,08/15,中京11R,2,ミラキュラスアース,78,74*,B,
202607020711,08/15,中京11R,3,プチプランス,88,82*,B,
202607020711,08/15,中京11R,4,イージーライダー,89,78,B,
202607020711,08/15,中京11R,5,メイショウビストロ,93,83,C,
202607020711,08/15,中京11R,6,マルモア,90,82,C,
202607020711,08/15,中京11R,7,レインオンミー,87,79,B,
202607020711,08/15,中京11R,8,ハレアカラフラ,87,71,B,
202607020711,08/15,中京11R,9,サリーチェ,85,74*,B,
202607020711,08/15,中京11R,10,フェルシナ,96,86,B,
202607020711,08/15,中京11R,11,マイリトルヒーロー,92,79*,B,
202607020711,08/15,中京11R,12,ギザキズラヴ,84,73,B,
202607020711,08/15,中京11R,13,ペプチドブッドレア,92,78,C,
202607020711,08/15,中京11R,14,テレプシコーラ,91,78,B,
202607020711,08/15,中京11R,15,ラガークイン,92,84,C,
202601010310,08/01,札幌10R,1,イヌボウノウタゴエ,95,86,B,
202601010310,08/01,札幌10R,2,オンザヴィーナス,90,74*,C,
202601010310,08/01,札幌10R,3,ダノンプレサージュ,82,80*,B,
202601010310,08/01,札幌10R,4,オーケーダイナ,86,76,C,
202601010310,08/01,札幌10R,5,ハヤブササキチャン,97,87,B,
202601010310,08/01,札幌10R,6,アルディスティーノ,97,82,B,
202601010310,08/01,札幌10R,7,ユーティジャーニー,93,86,C,
202601010310,08/01,札幌10R,8,ルールザウェイヴ,96,88*,B,
202601010310,08/01,札幌10R,9,フェニーチェドーロ,-,-,B,
202601010310,08/01,札幌10R,10,ホワイトオーキッド,96,79*,B,
202601010310,08/01,札幌10R,11,アンディムジーク,84,77,B,
202601010310,08/01,札幌10R,12,ヴェガリア,87,82*,B,
202601010310,08/01,札幌10R,13,スピナーリート,75,74*,B,
202601010310,08/01,札幌10R,14,イズントイット,78,72*,C,
202604020306,08/01,新潟6R,1,タイセイプランセス,105,87,B,
202604020306,08/01,新潟6R,2,ホウオウトランプ,102,90,B,
202604020306,08/01,新潟6R,3,セイロンジェムズ,100,85,B,
202604020306,08/01,新潟6R,4,クラッシファイド,96,90*,B,
202604020306,08/01,新潟6R,5,コスモスプモーニ,75,79*,D,
202604020306,08/01,新潟6R,6,エリカアンディーヴ,100,83,B,
202604020306,08/01,新潟6R,7,ツルマウカタチ,99,89,C,
202604020306,08/01,新潟6R,8,キーウェーブ,87,79,C,
202604020306,08/01,新潟6R,9,リカントロポ,103,91,B,
202604020306,08/01,新潟6R,10,コンフォルツァ,99,90,B,
202604020306,08/01,新潟6R,11,スピンザブラッド,97,85,B,
202604020306,08/01,新潟6R,12,ミーントゥビー,97,90,B,
202607020307,08/01,中京7R,1,ケーブパール,100,93,B,
202607020307,08/01,中京7R,2,アンドゥーリル,99,88,B,
202607020307,08/01,中京7R,3,オールセインツ,104,90,B,
202607020307,08/01,中京7R,4,ミエスペランサ,103,91,C,
202607020307,08/01,中京7R,5,キングメーカー,107,97,B,
202607020307,08/01,中京7R,6,ハワイアンティアレ,102,93*,C,
202607020307,08/01,中京7R,7,ミストレス,99,90,C,
202607020307,08/01,中京7R,8,テラメリタ,98,91,B,
202607020307,08/01,中京7R,9,ノクナレア,86,86,B,
202607020307,08/01,中京7R,10,エポックヴィーナス,106,97,B,
202607020307,08/01,中京7R,11,アイルシャイン,96,94,B,
202607020312,08/01,中京12R,1,サーディンラン,89,76,B,
202607020312,08/01,中京12R,2,ウィテカービート,92,74,B,
202607020312,08/01,中京12R,3,ララファキュルテ,98,86*,B,
202607020312,08/01,中京12R,4,キングケープ,102,83*,B,
202607020312,08/01,中京12R,5,メイショウビストロ,92,78,B,
202607020312,08/01,中京12R,6,ヴォーカライズ,48,-,B,
202607020312,08/01,中京12R,7,パーシャングレー,96,81,C,
202607020312,08/01,中京12R,8,グレゴリオ,90,83,C,
202607020312,08/01,中京12R,9,パスコード,94,83,B,
202607020312,08/01,中京12R,10,サマーブリザード,-,-,B,
202607020312,08/01,中京12R,11,ウインラウダ,93,83,B,
202604020312,08/01,新潟12R,1,アスクザアメリカン,85,72*,C,
202604020312,08/01,新潟12R,2,タイキオーベロン,83,79,C,
202604020312,08/01,新潟12R,3,ソナタン,-,-,C,
202604020312,08/01,新潟12R,4,ダイユウルミナス,87,74*,B,
202604020312,08/01,新潟12R,5,クリノゴッホ,93,83*,C,
202604020312,08/01,新潟12R,6,ホウオウショコラ,74,69*,B,
202604020312,08/01,新潟12R,7,カガラプンツェル,90,85*,B,
202604020312,08/01,新潟12R,8,カシオペア,83,77,B,
202604020312,08/01,新潟12R,9,ラブソング,79,60,-,
202604020312,08/01,新潟12R,10,グラデュエール,40,-,C,
202604020312,08/01,新潟12R,11,レモンバーム,90,84,C,
202604020312,08/01,新潟12R,12,シルフィー,78,72*,-,
202604020312,08/01,新潟12R,13,ロードストラダーレ,-,-,C,
202604020312,08/01,新潟12R,14,ヤマニンアレシス,85,76,B,
202604020312,08/01,新潟12R,15,ソルトバーン,76,64*,C,
202604020312,08/01,新潟12R,16,ゴールドパレード,89,79*,B,
202604020312,08/01,新潟12R,17,ステキサプライズ,76,76*,C,
202601010406,08/02,札幌6R,1,ステイアンビシャス,99,80,D,
202601010406,08/02,札幌6R,2,アスクガンバーレ,88,82,B,
202601010406,08/02,札幌6R,3,ロードアマルフィ,88,83,B,
202601010406,08/02,札幌6R,4,マテンロウカナロア,95,83,B,
202601010406,08/02,札幌6R,5,ココデイック,88,81,B,
202601010406,08/02,札幌6R,6,グランセレスト,80,80*,B,
202601010406,08/02,札幌6R,7,ステラデルークス,87,77*,B,
202601010406,08/02,札幌6R,8,タイセイジェイド,99,84,C,
202601010406,08/02,札幌6R,9,ゼルダ,83,70*,B,除外
202601010406,08/02,札幌6R,10,セイントホース,81,73,C,
202601010406,08/02,札幌6R,11,カフジクロミエ,87,78,B,
202601010408,08/02,札幌8R,1,エコロハート,99,83,B,
202601010408,08/02,札幌8R,2,サトノワーグナー,83,83*,B,
202601010408,08/02,札幌8R,3,ブライトアゲイン,97,84,B,
202601010408,08/02,札幌8R,4,グレートスティック,-,-,C,
202601010408,08/02,札幌8R,5,ザカリナン,96,83,B,
202601010408,08/02,札幌8R,6,ロードクラシコ,92,67,B,
202601010408,08/02,札幌8R,7,ブライアーヒル,87,81,B,
202601010408,08/02,札幌8R,8,アースコーリング,59,59*,C,
202601010408,08/02,札幌8R,9,アートフォーム,86,82,C,
202601010408,08/02,札幌8R,10,シャインズオンユー,91,82,B,
202601010408,08/02,札幌8R,11,ダブルチャレンジ,82,72,B,
202601010408,08/02,札幌8R,12,レッドカメリア,91,78,C,
202601010408,08/02,札幌8R,13,ディーズメンフィス,91,74*,B,
202601010408,08/02,札幌8R,14,ジーティーエスピ,101,88*,C,
202604020408,08/02,新潟8R,1,キアラメンテ,88,83,B,
202604020408,08/02,新潟8R,2,ガーヴィ,91,87*,B,
202604020408,08/02,新潟8R,3,シアブリス,79,77,B,
202604020408,08/02,新潟8R,4,ファストフォワード,82,77*,B,
202604020408,08/02,新潟8R,5,トランスマーレ,85,79,B,
202604020408,08/02,新潟8R,6,ユメシルベ,85,79,C,
202604020408,08/02,新潟8R,7,ゴバド,83,82*,C,
202604020408,08/02,新潟8R,8,リポサンテ,99,89,B,
202604020408,08/02,新潟8R,9,キューティリップ,89,77,B,
202604020408,08/02,新潟8R,10,ニシノコマチムスメ,90,79,C,
202604020408,08/02,新潟8R,11,ルンベーラ,87,78*,B,
202604020408,08/02,新潟8R,12,ノーザンタイタン,85,75*,C,
202604020408,08/02,新潟8R,13,ミエノフェアリー,94,83,B,
202604020408,08/02,新潟8R,14,ノーブルクラウド,75,75*,C,
202601010712,08/15,札幌12R,1,ジャストビート,90,75,B,
202601010712,08/15,札幌12R,2,テイクザクラウン,98,85,C,
202601010712,08/15,札幌12R,3,ジーティートシオー,98,76*,C,
202601010712,08/15,札幌12R,4,ペリプルス,97,82,B,
202601010712,08/15,札幌12R,5,タケルフォーカス,97,77*,B,
202601010712,08/15,札幌12R,6,ブレイジングスター,-,-,C,
202601010712,08/15,札幌12R,7,ミッドタウンナイト,86,79,C,
202601010712,08/15,札幌12R,8,バルドル,84,73*,B,
202601010712,08/15,札幌12R,9,ミッキーファルコン,99,86*,B,
202601010712,08/15,札幌12R,10,オブラプリーマ,95,78,C,
202601010712,08/15,札幌12R,11,サイモンイロハニー,91,79,C,
202601010712,08/15,札幌12R,12,アーレムアレス,103,91,B,
202601010712,08/15,札幌12R,13,シャインフリーリー,98,79,C,
202601010712,08/15,札幌12R,14,シャインバオバブ,89,77,C,
202601010809,08/16,札幌9R,1,シュークリーム,100,76*,C,
202601010809,08/16,札幌9R,2,ラスベガスサイン,86,71,B,
202601010809,08/16,札幌9R,3,エコロハート,99,83,B,
202601010809,08/16,札幌9R,4,レッドカメリア,91,78,C,
202601010809,08/16,札幌9R,5,ハッピーラッキー,91,81,B,
202601010809,08/16,札幌9R,6,キタノクニカラ,82,71,-,
202601010809,08/16,札幌9R,7,ブライアーヒル,87,81,B,
202601010809,08/16,札幌9R,8,ユーティジャーニー,93,86,C,
202601010809,08/16,札幌9R,9,フィオラーノ,87,75,C,
202601010809,08/16,札幌9R,10,トーアサジタリウス,73,73*,C,
202601010809,08/16,札幌9R,11,アルマロクザン,95,74,C,
202601010809,08/16,札幌9R,12,ラヴノー,87,79,B,
202601010809,08/16,札幌9R,13,ノアールビーナス,87,75,C,
202601010809,08/16,札幌9R,14,ダブルチャレンジ,83,72,C,
202601010809,08/16,札幌9R,15,マイケルバローズ,95,86*,B,
202601010809,08/16,札幌9R,16,リヴァイ,88,78*,B,
202601010311,08/01,札幌11R,1,クレバーテースト,90,80,B,
202601010311,08/01,札幌11R,2,ジャスティンガルフ,100,82,B,
202601010311,08/01,札幌11R,3,アイスグリーン,97,85,B,
202601010311,08/01,札幌11R,4,チルカーノ,95,85,B,
202601010311,08/01,札幌11R,5,エンドロール,-,90,C,
202601010311,08/01,札幌11R,6,ワイドアラジン,97,87*,B,
202601010311,08/01,札幌11R,7,ハニーコム,104,94,B,
202601010311,08/01,札幌11R,8,キャントウェイト,101,96,C,
202601010311,08/01,札幌11R,9,マイネルフーガ,95,88,B,
202601010311,08/01,札幌11R,10,ヨヒーン,108,87,B,
202601010311,08/01,札幌11R,11,ショウナンサムデイ,98,90,C,
202601010311,08/01,札幌11R,12,アルマデオロ,101,88,B,
202601010311,08/01,札幌11R,13,エルフストラック,88,84*,B,
202601010311,08/01,札幌11R,14,ディヴァインスター,99,90,B,
202601010311,08/01,札幌11R,15,エゾダイモン,99,84,B,
202601010311,08/01,札幌11R,16,ディーガレジェンド,107,90,B,
202601010407,08/02,札幌7R,1,アールグレイ,86,76,C,
202601010407,08/02,札幌7R,2,フクチャンブラック,76,66*,B,
202601010407,08/02,札幌7R,3,アイアムコロンブス,76,60*,C,
202601010407,08/02,札幌7R,4,ウインベルチェーロ,76,63*,C,
202601010407,08/02,札幌7R,5,ゴールデンボブ,78,47*,C,
202601010407,08/02,札幌7R,6,デルマアサマ,70,62*,C,
202601010407,08/02,札幌7R,7,ワダツミ,82,71,B,
202601010407,08/02,札幌7R,8,スリールーディカ,80,75*,B,
202601010407,08/02,札幌7R,9,メイショウローゼ,91,84,C,
202601010407,08/02,札幌7R,10,フォーティンブラス,67,53*,C,
202601010407,08/02,札幌7R,11,デイズインザサン,86,73,C,
202601010407,08/02,札幌7R,12,ヤクジョ,83,72,B,
202604020407,08/02,新潟7R,1,ウイングレイテスト,104,99,A,
202604020407,08/02,新潟7R,2,デュガ,108,92,B,
202604020407,08/02,新潟7R,3,ミカッテヨンデイイ,101,91,C,
202604020407,08/02,新潟7R,4,カウスリップ,61,61*,B,
202604020407,08/02,新潟7R,5,ベルギューン,-,-,B,
202604020407,08/02,新潟7R,6,ピューロマジック,107,97*,B,
202604020407,08/02,新潟7R,7,バグラダス,81,72*,B,
202604020407,08/02,新潟7R,8,シュラフ,93,79,D,
202604020407,08/02,新潟7R,9,カウンターセブン,104,84,B,
202604020407,08/02,新潟7R,10,エコロレジーナ,95,92,B,
202604020407,08/02,新潟7R,11,ロードトレイル,97,80,B,
202604020407,08/02,新潟7R,12,クムシラコ,104,88,B,
202604020407,08/02,新潟7R,13,テイエムスパーダ,106,87*,C,
202604020407,08/02,新潟7R,14,ブーケファロス,97,88,C,
202604020407,08/02,新潟7R,15,アタリダイキチ,96,89,B,
202604020407,08/02,新潟7R,16,アメリカンステージ,91,90*,A,
202604020407,08/02,新潟7R,17,ビッグシーザー,105,100,B,
202604020506,08/08,新潟6R,1,ウインベアトリス,78,80,C,
202604020506,08/08,新潟6R,2,クライスレリアーナ,102,97,B,
202604020506,08/08,新潟6R,3,カフェアローロ,91,88*,C,
202604020506,08/08,新潟6R,4,ジャンビ,99,86,C,
202604020506,08/08,新潟6R,5,キスアンドクライ,86,80*,B,
202604020506,08/08,新潟6R,6,ミラーダカリエンテ,94,77,C,
202604020506,08/08,新潟6R,7,ビッグデイメイク,81,71*,D,
202604020506,08/08,新潟6R,8,ラベルセーヌ,93,88*,A,
202604020506,08/08,新潟6R,9,ドリームクルーズ,89,81,C,
202604020506,08/08,新潟6R,10,メランジェ,95,84,B,
202607020506,08/08,中京6R,1,オトコギアンパン,87,89,B,
202607020506,08/08,中京6R,2,バガン,103,86,C,
202607020506,08/08,中京6R,3,ショウナンバルドル,108,83,B,
202607020506,08/08,中京6R,4,テイエムアイラン,91,79,B,
202607020506,08/08,中京6R,5,サクラオーラ,102,89,B,
202607020506,08/08,中京6R,6,マイネルフォルツァ,93,80,B,
202607020506,08/08,中京6R,7,スナークピカソ,102,91,B,
202607020506,08/08,中京6R,8,ビップディラン,90,88*,B,
202607020506,08/08,中京6R,9,ケイテンアイジン,83,-,B,
202607020506,08/08,中京6R,10,クイックバイオ,96,88,C,
202607020506,08/08,中京6R,11,オリバナム,99,91,B,
202604020507,08/08,新潟7R,1,レイニング,105,97,B,
202604020507,08/08,新潟7R,2,ヤマニンサンパ,102,90,B,
202604020507,08/08,新潟7R,3,ヴォンフレ,93,88*,C,
202604020507,08/08,新潟7R,4,エストゥペンダ,101,87,B,
202604020507,08/08,新潟7R,5,ラインベック,92,90,C,
202604020507,08/08,新潟7R,6,ミアネーロ,94,91*,B,
202604020507,08/08,新潟7R,7,レガーロデルシエロ,101,97*,B,
202604020507,08/08,新潟7R,8,ディマイザキッド,108,100,B,
202604020507,08/08,新潟7R,9,ジュンブロッサム,106,96,B,
202604020507,08/08,新潟7R,10,セントメモリーズ,90,86*,B,
202604020507,08/08,新潟7R,11,ゴンバデカーブース,107,96,C,
202604020507,08/08,新潟7R,12,ドラゴンヘッド,98,83,B,
202604020507,08/08,新潟7R,13,ゴートゥファースト,102,89*,A,
202604020507,08/08,新潟7R,14,アンリーロード,111,96,B,
202604020507,08/08,新潟7R,15,シンハナーダ,106,99,B,
202604020507,08/08,新潟7R,16,コスモブッドレア,82,84,C,
202607020511,08/08,中京11R,1,レッドリガーレ,89,82,B,
202607020511,08/08,中京11R,2,ゴージャス,84,83*,B,
202607020511,08/08,中京11R,3,オーライカモン,83,68,B,
202607020511,08/08,中京11R,4,バルセシート,98,87,B,
202607020511,08/08,中京11R,5,シャーリーゴールド,96,83,B,
202607020511,08/08,中京11R,6,グローブアマランス,95,84,B,
202607020511,08/08,中京11R,7,エスティヴァリス,81,70*,B,
202607020511,08/08,中京11R,8,インターポーザー,86,75,B,
202607020511,08/08,中京11R,9,オーバースタンド,98,85,B,
202607020511,08/08,中京11R,10,ホールドミーワンス,78,78*,B,
202607020511,08/08,中京11R,11,メイショウハボマイ,81,76*,B,
202607020511,08/08,中京11R,12,テイエムスティール,88,86,B,
202604020512,08/08,新潟12R,1,エーデルクラフト,-,-,C,
202604020512,08/08,新潟12R,2,ラクシオンデクラ,76,68*,C,
202604020512,08/08,新潟12R,3,マイネルリーヒム,81,69,B,
202604020512,08/08,新潟12R,4,リベルタアーラ,59,56*,C,
202604020512,08/08,新潟12R,5,ローレルエース,73,62*,C,
202604020512,08/08,新潟12R,6,コンフィグシス,79,69,C,
202604020512,08/08,新潟12R,7,フォーエバーラブ,82,60*,C,
202604020512,08/08,新潟12R,8,ブラッキッシュ,80,78*,C,
202604020512,08/08,新潟12R,9,ファインブライト,82,64*,C,
202604020512,08/08,新潟12R,10,デリシューズマン,70,69*,C,
202604020512,08/08,新潟12R,11,スカーレットジーン,78,61,C,
202604020512,08/08,新潟12R,12,ヤマニンリンキング,66,66*,B,
202604020512,08/08,新潟12R,13,ディエスルージュ,52,51*,C,
202604020512,08/08,新潟12R,14,オーブレーヌ,79,53*,C,
202604020512,08/08,新潟12R,15,ジェイエルグリーン,78,78*,C,
202604020512,08/08,新潟12R,16,ポポラヴィスタ,82,72*,B,
202607020512,08/08,中京12R,1,ウイングサンライズ,84,79*,C,
202607020512,08/08,中京12R,2,ティグリス,79,78*,B,
202607020512,08/08,中京12R,3,マスティカーレ,84,73*,C,
202607020512,08/08,中京12R,4,バルフルール,80,80*,C,
202607020512,08/08,中京12R,5,ルナフィオーレ,88,79,B,
202607020512,08/08,中京12R,6,ペスキエーラ,76,72*,B,
202607020512,08/08,中京12R,7,エコロディアン,78,74*,B,
202607020512,08/08,中京12R,8,ルージュマデイラ,70,70*,C,
202607020512,08/08,中京12R,9,ルージュシャラポワ,-,-,C,
202607020512,08/08,中京12R,10,ココロザスノ,-,-,B,
202607020512,08/08,中京12R,11,フェブリノ,92,80,B,
202607020512,08/08,中京12R,12,グレンセロース,96,78,B,
202607020512,08/08,中京12R,13,タガノプトゥリ,91,74*,C,
202607020512,08/08,中京12R,14,ミヤジマミコ,-,-,B,
202607020512,08/08,中京12R,15,ゴッドアイ,91,85,B,
202607020512,08/08,中京12R,16,ハッピーリオン,84,83*,C,
202607020512,08/08,中京12R,17,グッデイ,84,68,B,
202607020512,08/08,中京12R,18,スターアスコット,87,82*,C,
202601010602,08/09,札幌2R,1,メイショウマドンナ,79,68,B,
202601010602,08/09,札幌2R,2,フジコンフィデンス,71,60*,B,
202601010602,08/09,札幌2R,3,ケイベエ,62,49*,B,
202601010602,08/09,札幌2R,4,メイヨシュア,-,-,B,
202601010602,08/09,札幌2R,5,スイーヴル,90,80,B,
202601010602,08/09,札幌2R,6,カッサンドラ,83,64,B,
202601010602,08/09,札幌2R,7,ラブデウザ,77,55,C,
202601010602,08/09,札幌2R,8,ルクスドリーム,75,64,C,除外
202601010602,08/09,札幌2R,9,マーゴットオネイロ,85,72,C,
202601010602,08/09,札幌2R,10,ハクサンレイホウ,50,41*,D,
202601010602,08/09,札幌2R,11,ロングフルスペック,68,62*,C,
202601010602,08/09,札幌2R,12,テリオスルミ,-,-,C,
202601010606,08/09,札幌6R,1,ダイナソーコー,86,70*,C,
202601010606,08/09,札幌6R,2,マジックファイヤー,85,80,B,
202601010606,08/09,札幌6R,3,エコロゼルダ,78,76*,B,
202601010606,08/09,札幌6R,4,ブリックアブラック,81,75*,B,
202601010606,08/09,札幌6R,5,タビニュ,90,72,C,
202601010606,08/09,札幌6R,6,ハバタクジユウニ,49,49*,C,
202601010606,08/09,札幌6R,7,ヘイジュード,96,80,B,
202601010606,08/09,札幌6R,8,ミカレオス,80,71*,B,
202601010606,08/09,札幌6R,9,フォーチュンローズ,89,84,B,
202601010606,08/09,札幌6R,10,シャンドラファール,87,74,B,
202601010606,08/09,札幌6R,11,ドンテスタマスター,90,79*,B,
202601010606,08/09,札幌6R,12,ラッキーシグネチャ,78,73*,B,
202601010606,08/09,札幌6R,13,テイエムプレミラン,94,86*,B,
202601010606,08/09,札幌6R,14,ギオンバヤシ,93,79,B,
202601010610,08/09,札幌10R,1,マーゴットサンズ,95,86,B,
202601010610,08/09,札幌10R,2,テイエムゴッホ,107,81,B,
202601010610,08/09,札幌10R,3,プライベートアイズ,97,88,B,
202601010610,08/09,札幌10R,4,テルアスワッド,82,75,C,
202601010610,08/09,札幌10R,5,フォーワンセルフ,88,81,C,
202601010610,08/09,札幌10R,6,ストラーダ,86,58,B,
202601010610,08/09,札幌10R,7,マーウォルス,104,92,B,
202601010610,08/09,札幌10R,8,ベラジオワールド,104,96,B,
202601010610,08/09,札幌10R,9,レディゴディヴァ,91,73,C,
202601010610,08/09,札幌10R,10,リメンバーヒム,95,86,C,
202601010610,08/09,札幌10R,11,ウインハルモニア,74,57,B,
202601010610,08/09,札幌10R,12,チザルピーノ,-,87,B,
202601010610,08/09,札幌10R,13,タガノエルー,114,95,B,
202601010610,08/09,札幌10R,14,ネクストダンサー,78,71,C,
202601010612,08/09,札幌12R,1,マイネルシンベリン,96,92,B,
202601010612,08/09,札幌12R,2,ロングミックス,-,-,B,
202601010612,08/09,札幌12R,3,ゴーゴータカシ,99,84,B,
202601010612,08/09,札幌12R,4,グレーヌドジョワ,90,73,B,
202601010612,08/09,札幌12R,5,グランセゾン,93,82,B,
202601010612,08/09,札幌12R,6,ドーギッド,98,78,C,
202601010612,08/09,札幌12R,7,ディーリライズ,88,80*,B,
202601010612,08/09,札幌12R,8,ヴァロアーク,99,87*,B,
202604020611,08/09,新潟11R,1,ワイズファミリア,85,81,C,
202604020611,08/09,新潟11R,2,ルシアージュ,78,72,B,
202604020611,08/09,新潟11R,3,バンオンタイム,85,73,C,
202604020611,08/09,新潟11R,4,フジサン,85,75*,B,
202604020611,08/09,新潟11R,5,フーディエラン,84,75*,B,
202604020611,08/09,新潟11R,6,スカイドリーマー,79,75*,C,
202604020611,08/09,新潟11R,7,ピコプリンセス,50,50*,C,
202604020611,08/09,新潟11R,8,ガミーヌ,84,75,B,
202604020611,08/09,新潟11R,9,スチールギターラグ,83,74*,B,
202604020611,08/09,新潟11R,10,ダノンドナウ,82,78*,C,
202604020611,08/09,新潟11R,11,オドラタス,75,70*,C,
202604020611,08/09,新潟11R,12,セルリア,73,62,B,
202604020611,08/09,新潟11R,13,リーゼントモニカ,-,-,C,
202604020611,08/09,新潟11R,14,ゲンパチロマン,-,-,C,
202604020611,08/09,新潟11R,15,フルールロイヤル,54,54*,C,
202604020611,08/09,新潟11R,16,ベルランコントル,82,78,C,
202604020611,08/09,新潟11R,17,ジーティージェミル,72,66*,C,
202604020611,08/09,新潟11R,18,レガリーノ,73,67*,C,
202607020612,08/09,中京12R,1,プリュスエクラ,94,79*,B,
202607020612,08/09,中京12R,2,ローズラフィネ,72,69*,B,
202607020612,08/09,中京12R,3,レインボーステート,97,82,B,
202607020612,08/09,中京12R,4,カステッロトゥーレ,86,79*,B,
202607020612,08/09,中京12R,5,ウォータールスール,74,74*,B,
202607020612,08/09,中京12R,6,ジーティーウタマロ,89,70,B,
202607020612,08/09,中京12R,7,ララディアーブル,98,82,B,除外
202607020612,08/09,中京12R,8,ヴェネラブル,78,65,C,
202607020612,08/09,中京12R,9,ネッカーズルム,94,83*,B,
202607020612,08/09,中京12R,10,ブランチアウト,96,85,B,
202607020612,08/09,中京12R,11,スズノボンライミー,74,68*,B,
202607020612,08/09,中京12R,12,リノルアナ,87,73*,C,
202607020612,08/09,中京12R,13,ビッグヒーロー,98,91*,B,
202607020612,08/09,中京12R,14,エングルマン,67,67*,B,
202607020612,08/09,中京12R,15,ルージュソムニウム,88,75*,B,
202607020612,08/09,中京12R,16,ビシェノ,82,76,B,
202601010701,08/15,札幌1R,1,ジャストグレース,69,65,C,
202601010701,08/15,札幌1R,2,リベンジャー,57,57*,C,
202601010701,08/15,札幌1R,3,クルビデンス,81,62,B,
202601010701,08/15,札幌1R,4,マーゴットデウス,72,63*,C,
202601010701,08/15,札幌1R,5,メイショウシンガン,61,53*,C,
202601010701,08/15,札幌1R,6,フレンチブラッサム,97,74,B,
202601010701,08/15,札幌1R,7,ショウナンタヅナ,76,62,C,
202601010701,08/15,札幌1R,8,ニットウエース,-,-,C,除外
202601010701,08/15,札幌1R,9,ロードクローザー,65,55*,B,
202601010701,08/15,札幌1R,10,アンタレス,64,37*,B,除外
202601010701,08/15,札幌1R,11,ゴーントゥファー,60,59*,C,
202601010701,08/15,札幌1R,12,サンオブザサン,73,64,C,
202601010701,08/15,札幌1R,13,フェンリル,70,63*,B,
202601010701,08/15,札幌1R,14,ワンダーゾルダート,71,58,C,
202601010704,08/15,札幌4R,1,ザンテソーロ,79,72,B,
202601010704,08/15,札幌4R,2,シエルブリエ,59,52*,C,
202601010704,08/15,札幌4R,3,ポップアップ,76,72,C,
202601010704,08/15,札幌4R,4,ロードステラート,73,62,B,
202601010704,08/15,札幌4R,5,ガビーズメロディ,64,55*,B,
202601010704,08/15,札幌4R,6,ウインガネーシャ,82,72,C,
202601010704,08/15,札幌4R,7,コイバナ,89,64,C,
202601010704,08/15,札幌4R,8,ワイルドカイザー,50,50*,B,
202601010704,08/15,札幌4R,9,ブラックパロット,75,65,C,
202601010704,08/15,札幌4R,10,ブロント,-,-,C,
202601010704,08/15,札幌4R,11,ウインモンクール,66,48,D,
202601010704,08/15,札幌4R,12,モロノカガヤキ,80,69,C,
202604020707,08/15,新潟7R,1,アメリカンチケット,114,78,B,
202604020707,08/15,新潟7R,2,クリノオリーブ,105,81,B,
202604020707,08/15,新潟7R,3,ペレグリン,87,81,B,
202604020707,08/15,新潟7R,4,ライトニングゼウス,93,86,B,
202604020707,08/15,新潟7R,5,ワークソング,104,88,B,
202604020707,08/15,新潟7R,6,ハクサンアイリス,103,91,B,
202604020707,08/15,新潟7R,7,エンヤラヴフェイス,100,92,B,
202604020707,08/15,新潟7R,8,スプランドゥール,101,85,C,
202604020707,08/15,新潟7R,9,イノセントキャット,91,90,B,
202604020707,08/15,新潟7R,10,フウセツ,92,86,A,
202604020707,08/15,新潟7R,11,ヴェロクオーレ,99,88,B,
202604020707,08/15,新潟7R,12,ビバップ,96,87,B,
202604020707,08/15,新潟7R,13,スノーサイレンス,97,85*,B,
202604020707,08/15,新潟7R,14,パラサイコロジー,106,96*,B,
202604020707,08/15,新潟7R,15,イリフィ,105,91,B,
202604020710,08/15,新潟10R,1,イデアクリスタル,70,60,C,
202604020710,08/15,新潟10R,2,ブルーリファール,66,66*,D,
202604020710,08/15,新潟10R,3,マイネルシュラハト,77,77*,C,
202604020710,08/15,新潟10R,4,サンタピア,66,56,C,
202604020710,08/15,新潟10R,5,エターナルホープ,71,63*,C,
202604020710,08/15,新潟10R,6,クライナリーゼ,62,58*,B,
202604020710,08/15,新潟10R,7,パワポケグッド,71,55,C,
202604020710,08/15,新潟10R,8,オーシャンミューズ,48,43*,C,
202604020710,08/15,新潟10R,9,マーチンゲール,96,78,B,
202604020710,08/15,新潟10R,10,ダノンオンザビート,-,-,B,
202604020710,08/15,新潟10R,11,ニシノロッドマン,71,58,D,
202604020710,08/15,新潟10R,12,レジェルテ,81,63,B,
202604020710,08/15,新潟10R,13,コールリッジ,-,-,C,
202604020710,08/15,新潟10R,14,ナツミカンチャン,60,37*,B,
202604020710,08/15,新潟10R,15,ジューンマーチ,72,59,C,
202604020712,08/15,新潟12R,1,ソニックブーム,86,77,B,
202604020712,08/15,新潟12R,2,サマーナジュム,-,-,-,
202604020712,08/15,新潟12R,3,イノーマル,-,-,B,
202604020712,08/15,新潟12R,4,カドドゥディエ,81,76,B,
202604020712,08/15,新潟12R,5,ラグアイリータ,77,71,C,
202604020712,08/15,新潟12R,6,ナムラオリガミ,80,62,C,
202604020712,08/15,新潟12R,7,モーブプリエール,70,61*,C,
202604020712,08/15,新潟12R,8,キコリータ,82,68,C,
202604020712,08/15,新潟12R,9,セレスティアハート,53,53*,C,
202604020712,08/15,新潟12R,10,アドマイヤフク,81,60*,C,
202604020712,08/15,新潟12R,11,スノーエルヴァ,72,66,C,
202604020712,08/15,新潟12R,12,コスモペンタス,79,52,C,
202604020712,08/15,新潟12R,13,セキテイリノ,89,77,B,
202604020712,08/15,新潟12R,14,キリスパークル,82,75*,C,
202604020712,08/15,新潟12R,15,アマンヘセル,88,77*,B,
202604020712,08/15,新潟12R,16,モストロ,72,72*,D,
202604020712,08/15,新潟12R,17,エラガバリウム,71,52*,B,
202604020712,08/15,新潟12R,18,フォーエバーラブ,82,64,-,
202607020712,08/15,中京12R,1,タマモビスケット,69,59,C,
202607020712,08/15,中京12R,2,ワンダーミューズ,49,47*,B,
202607020712,08/15,中京12R,3,ブロンザイト,61,55*,B,
202607020712,08/15,中京12R,4,フェイトブレイカー,62,62*,C,
202607020712,08/15,中京12R,5,ナムラロダン,78,72,C,
202607020712,08/15,中京12R,6,ザキノフレンズ,76,65,B,
202607020712,08/15,中京12R,7,チョウスター,72,63,B,
202607020712,08/15,中京12R,8,アイアン,59,54*,B,
202607020712,08/15,中京12R,9,ペコリズム,61,57*,B,
202607020712,08/15,中京12R,10,ブルークレスト,29,29*,B,
202607020712,08/15,中京12R,11,ハッピーリオン,64,64*,C,
202607020712,08/15,中京12R,12,チェカ,47,41*,B,
202607020712,08/15,中京12R,13,クリノゴージャス,-,-,C,
202607020712,08/15,中京12R,14,ファーヴニル,53,53*,C,
202607020712,08/15,中京12R,15,ゴールドアーチ,73,66*,B,
202607020712,08/15,中京12R,16,ミスジェイド,60,52,C,
202607020808,08/16,中京8R,1,タマモジャスミン,96,88,B,
202607020808,08/16,中京8R,2,マキシマムビスタ,91,85,B,
202607020808,08/16,中京8R,3,ミクストベリーズ,-,-,B,
202607020808,08/16,中京8R,4,アスゴッド,84,77,B,
202607020808,08/16,中京8R,5,カナタコナタ,92,74,B,
202607020808,08/16,中京8R,6,コスモストーム,103,89,B,
202607020808,08/16,中京8R,7,ラピダリア,93,77,C,
202607020808,08/16,中京8R,8,ジュルナール,88,77*,B,
202607020808,08/16,中京8R,9,ケープアグラス,88,79,C,
202607020808,08/16,中京8R,10,ダノンキラウェア,97,93*,B,
202607020808,08/16,中京8R,11,ワンダーカモン,97,87,B,
202607020808,08/16,中京8R,12,ラインジーク,90,83,B,
202607020808,08/16,中京8R,13,オコタンペ,89,84,B,
202607020808,08/16,中京8R,14,アンビシャスヨシノ,89,84*,B,
202607020808,08/16,中京8R,15,メイショウタムシバ,92,86,B,
202607020808,08/16,中京8R,16,アリエスキング,101,87,B,
202607020812,08/16,中京12R,1,メイショウジンソウ,63,63*,B,
202607020812,08/16,中京12R,2,レイワノキセキ,-,-,B,
202607020812,08/16,中京12R,3,シンゼンコジロウ,69,53,C,
202607020812,08/16,中京12R,4,サトノディヴァイン,61,61*,B,
202607020812,08/16,中京12R,5,タガノランパート,64,62*,B,
202607020812,08/16,中京12R,6,クボウサマ,69,59,C,
202607020812,08/16,中京12R,7,バチラ,90,90*,B,
202607020812,08/16,中京12R,8,ガトー,73,64*,B,
202607020812,08/16,中京12R,9,ハッピーブルー,54,51*,C,
202607020812,08/16,中京12R,10,コンゴウフジ,-,-,B,
202607020812,08/16,中京12R,11,ゴールデンドラゴン,72,67,B,
202607020812,08/16,中京12R,12,タロ,70,66*,B,
202607020812,08/16,中京12R,13,アイランド,85,77*,B,
202607020812,08/16,中京12R,14,カラバッシュ,53,53*,B,
202607020812,08/16,中京12R,15,マーゴットショット,63,50*,B,
202607020812,08/16,中京12R,16,グレートアゲイン,68,47,C,
202601010801,08/16,札幌1R,1,テンレッドサン,81,71,C,
202601010801,08/16,札幌1R,2,ルナティックブルー,-,-,B,
202601010801,08/16,札幌1R,3,ウォータースパウト,73,68*,B,
202601010801,08/16,札幌1R,4,アインプロージット,66,51*,C,
202601010801,08/16,札幌1R,5,ルージュリヴィエラ,86,68,B,
202601010801,08/16,札幌1R,6,イセッセイ,59,40,C,
202601010801,08/16,札幌1R,7,フィエスタ,-,-,B,
202601010801,08/16,札幌1R,8,セントピュアベース,70,61,C,
202601010801,08/16,札幌1R,9,アリディプラチノ,62,54*,B,
202601010801,08/16,札幌1R,10,プルーフリーディン,90,77,B,
202601010801,08/16,札幌1R,11,ハピネスドリーム,54,47*,C,
202601010801,08/16,札幌1R,12,フローズンクイーン,-,-,C,
202601010801,08/16,札幌1R,13,ストリートクイーン,81,75,C,
202601010801,08/16,札幌1R,14,マスカルポーネ,70,60,B,
202601010802,08/16,札幌2R,1,リアルクウカイ,-,-,D,
202601010802,08/16,札幌2R,2,ゴートゥービッツン,70,58*,C,
202601010802,08/16,札幌2R,3,タイフーンナイン,69,61*,B,
202601010802,08/16,札幌2R,4,テイクケア,74,60*,C,
202601010802,08/16,札幌2R,5,リアルジャパン,68,58*,C,
202601010802,08/16,札幌2R,6,キチロクタワー,72,62*,B,
202601010802,08/16,札幌2R,7,スクレイプバイ,40,40*,C,
202601010802,08/16,札幌2R,8,モミスケ,-,-,C,
202601010803,08/16,札幌3R,1,ゴールドジェスター,97,84,C,
202601010803,08/16,札幌3R,2,ライフイズカラフル,89,83*,B,
202601010803,08/16,札幌3R,3,マイバラード,90,79,B,
202601010803,08/16,札幌3R,4,トクシージェネラル,85,85*,B,
202601010803,08/16,札幌3R,5,ハヤブササキチャン,97,86,B,
202601010803,08/16,札幌3R,6,ブランドブラン,87,79*,B,
202601010803,08/16,札幌3R,7,レダアトミカ,89,80*,C,
202601010803,08/16,札幌3R,8,ブルースカイブルー,97,89,B,
202601010803,08/16,札幌3R,9,クラシカルカイザー,90,-,B,
202601010803,08/16,札幌3R,10,クリスレジーナ,91,83,B,
202601010803,08/16,札幌3R,11,テンレディーゴー,85,80*,B,
202601010803,08/16,札幌3R,12,カーフキック,-,-,C,
202601010803,08/16,札幌3R,13,コウギョク,87,77*,A,
202601010803,08/16,札幌3R,14,ナムラヒナギク,87,82,C,
202601010804,08/16,札幌4R,1,アロハ,-,-,C,
202601010804,08/16,札幌4R,2,トランスマリーン,37,37*,C,
202601010804,08/16,札幌4R,3,ワンダージェム,47,46*,C,
202601010804,08/16,札幌4R,4,メイショウタイザン,75,71,C,
202601010804,08/16,札幌4R,5,テリオスリコ,71,66,C,
202601010804,08/16,札幌4R,6,ディープマウンテン,65,59*,D,
202601010804,08/16,札幌4R,7,エースオブゴールド,65,64*,C,
202601010804,08/16,札幌4R,8,アルジェンタム,72,49*,C,
202601010804,08/16,札幌4R,9,メカニックバレエ,-,-,B,
202601010804,08/16,札幌4R,10,フォーティンブラス,51,47*,C,
202601010804,08/16,札幌4R,11,ホウオウロレンシア,84,71,C,
202601010804,08/16,札幌4R,12,ペガサスウィンド,84,64,B,
202601010804,08/16,札幌4R,13,ブライトエンジェル,-,-,B,
202601010804,08/16,札幌4R,14,パーシヴァル,56,56*,C,
202601010806,08/16,札幌6R,1,ジュジュドール,-,-,B,
202601010806,08/16,札幌6R,2,マカニ,68,55,C,
202601010806,08/16,札幌6R,3,イングラム,90,69,B,
202601010806,08/16,札幌6R,4,ラテラルパーム,84,79*,C,
202601010806,08/16,札幌6R,5,タイセイアビリティ,82,76,B,
202601010806,08/16,札幌6R,6,スパークルジョイ,86,72,B,
202601010806,08/16,札幌6R,7,ナンナンプー,-,-,B,
202601010806,08/16,札幌6R,8,ビタミンドロップ,83,73,B,
202601010806,08/16,札幌6R,9,パドゼフィール,75,60,B,
202601010806,08/16,札幌6R,10,ヨドノゴールド,74,69,B,
202601010806,08/16,札幌6R,11,エスカレイト,77,74,B,
202601010806,08/16,札幌6R,12,メイショウホダワラ,71,68,B,
202601010807,08/16,札幌7R,1,ルクスユアン,84,77,C,
202601010807,08/16,札幌7R,2,クールフィデル,78,76,B,
202601010807,08/16,札幌7R,3,キトゥンズラスター,65,64*,B,
202601010807,08/16,札幌7R,4,トーレス,-,-,C,
202601010807,08/16,札幌7R,5,デイズインザサン,86,77,B,
202601010807,08/16,札幌7R,6,ロッサコメータ,90,83,B,
202601010807,08/16,札幌7R,7,マコトアディントン,89,66,B,
202601010807,08/16,札幌7R,8,アームアンフルール,74,68*,C,
202601010807,08/16,札幌7R,9,メイショウライガ,74,74*,B,
202601010807,08/16,札幌7R,10,コスモマウイ,55,55*,C,
202601010807,08/16,札幌7R,11,ホウオウワイズ,-,-,C,
202601010807,08/16,札幌7R,12,ヒメヒオウギ,88,81,C,
202601010807,08/16,札幌7R,13,ヤクジョ,86,74,B,
202601010807,08/16,札幌7R,14,ウイルソン,90,84*,B,
202601010807,08/16,札幌7R,15,スチョウプリンセス,80,69,C,
202601010807,08/16,札幌7R,16,ミナヅキ,88,73,C,
202601010810,08/16,札幌10R,1,カッタッパ,83,73,B,
202601010810,08/16,札幌10R,2,ビーマックス,90,79,B,
202601010810,08/16,札幌10R,3,キャリーグレイス,96,82,B,
202601010810,08/16,札幌10R,4,オセアエクスプレス,84,79*,C,
202601010810,08/16,札幌10R,5,ストロングボンド,69,22*,C,
202601010810,08/16,札幌10R,6,マメタンク,98,87,B,
202601010810,08/16,札幌10R,7,タッカージーティー,93,84,B,
202601010810,08/16,札幌10R,8,クインズシフォン,88,81,B,
202601010810,08/16,札幌10R,9,ウーマンズパワー,92,80,B,
202601010810,08/16,札幌10R,10,パールフロント,109,89,B,
202601010810,08/16,札幌10R,11,フェデルミエール,77,58*,C,
202601010810,08/16,札幌10R,12,キーガッツ,88,74*,C,
202601010811,08/16,札幌11R,1,オニャンコポン,104,97,-,
202601010811,08/16,札幌11R,2,イガッチ,110,100*,-,
202601010811,08/16,札幌11R,3,ピンクジン,103,88,-,
202601010811,08/16,札幌11R,4,マジックサンズ,107,102,-,
202601010811,08/16,札幌11R,5,エコロヴァルツ,104,94,-,
202601010811,08/16,札幌11R,6,ローシャムパーク,108,98*,-,
202601010811,08/16,札幌11R,7,ショウヘイ,105,99,-,
202601010811,08/16,札幌11R,8,サクラファレル,101,94,-,
202601010811,08/16,札幌11R,9,マイネルモーント,103,97,-,
202601010811,08/16,札幌11R,10,アドマイヤテラ,115,109*,-,
202601010811,08/16,札幌11R,11,アラタ,106,100,-,
202601010811,08/16,札幌11R,12,ゼンダンハヤブサ,102,98,-,
202601010811,08/16,札幌11R,13,グランディア,105,98,-,
202601010811,08/16,札幌11R,14,レディネス,108,91,-,
202601010811,08/16,札幌11R,15,シェイクユアハート,111,97,-,
202601010811,08/16,札幌11R,16,ホウオウビスケッツ,111,102*,-,
202601010812,08/16,札幌12R,1,レイデラティエラ,103,84,C,
202601010812,08/16,札幌12R,2,ダノンヒストリー,103,93*,B,
202601010812,08/16,札幌12R,3,ゲンジ,99,88,B,
202601010812,08/16,札幌12R,4,マイネルゼウス,97,79,B,
202601010812,08/16,札幌12R,5,パープルクラウド,97,86,C,
202601010812,08/16,札幌12R,6,アスクデッドヒート,108,94,B,
202601010812,08/16,札幌12R,7,ブリヤディアマンテ,89,79,C,
202601010812,08/16,札幌12R,8,レイデラルース,92,87,B,
202601010812,08/16,札幌12R,9,サラトガチップス,96,89,B,
202601010812,08/16,札幌12R,10,ドッビアーコ,80,79*,B,
202601010812,08/16,札幌12R,11,ライフセービング,88,81,B,
202601010812,08/16,札幌12R,12,ジュンツバメガエシ,102,91,C,
202601010812,08/16,札幌12R,13,ラーシャローム,99,92,B,
202601010812,08/16,札幌12R,14,リアルファインド,99,82,B,
202607020801,08/16,中京1R,1,スマートメモリー,72,66*,B,
202607020801,08/16,中京1R,2,インディジャズ,42,42*,A,
202607020801,08/16,中京1R,3,ヤマトデュノール,27,27*,C,
202607020801,08/16,中京1R,4,ナムラメアリー,68,68*,C,
202607020801,08/16,中京1R,5,バクソウシャチョウ,81,65*,B,
202607020801,08/16,中京1R,6,ラホーヤアイズ,80,75*,B,
202607020801,08/16,中京1R,7,メイケイリチャード,48,48*,C,
202607020801,08/16,中京1R,8,カツダルマ,74,74*,B,
202607020801,08/16,中京1R,9,アームズラムレイ,66,66*,B,
202607020801,08/16,中京1R,10,キシュウマミー,55,55*,C,
202607020804,08/16,中京4R,1,テイクザスローン,73,67*,B,
202607020804,08/16,中京4R,2,コスモフィレンツェ,94,81*,B,
202607020804,08/16,中京4R,3,リボンインザスカイ,71,69*,B,
202607020804,08/16,中京4R,4,ダーコ,90,90*,B,
202607020804,08/16,中京4R,5,スレイクイーン,82,82*,B,
202607020804,08/16,中京4R,6,バックドラフト,75,73*,B,
202607020804,08/16,中京4R,7,レッドブライトン,93,83,B,
202607020804,08/16,中京4R,8,ミーサーク,76,76*,B,
202607020804,08/16,中京4R,9,オーマイラッキーン,77,72*,C,
202607020804,08/16,中京4R,10,ニミッツハイウェイ,-,-,C,
202607020804,08/16,中京4R,11,プロスト,74,68,B,
202607020804,08/16,中京4R,12,キョウエイクローム,62,62*,C,
202607020804,08/16,中京4R,13,ドットカモン,70,65*,B,
202607020804,08/16,中京4R,14,メイショウタカネ,73,67*,C,
202607020804,08/16,中京4R,15,マテンロウブリッジ,74,55*,B,
202607020804,08/16,中京4R,16,テーオーシュテルン,74,54*,B,
202607020804,08/16,中京4R,17,プシュパ,84,84*,B,
202607020804,08/16,中京4R,18,ホウオウモチーヴ,83,75*,B,
202607020805,08/16,中京5R,1,トリーア,62,49,B,
202607020805,08/16,中京5R,2,セッシュウ,89,81*,B,
202607020805,08/16,中京5R,3,タイセイドゥマーニ,68,68*,B,
202607020805,08/16,中京5R,4,リフラ,60,49*,B,
202607020805,08/16,中京5R,5,キタノアンドレイ,73,64*,B,
202607020805,08/16,中京5R,6,クロレ,74,69*,B,
202607020805,08/16,中京5R,7,ナリタアーマー,67,61*,B,
202607020805,08/16,中京5R,8,パンサーズ,1,1*,B,
202607020805,08/16,中京5R,9,モズプリフォール,92,78,B,
202607020805,08/16,中京5R,10,ペンタトニッカー,-,-,C,
202607020805,08/16,中京5R,11,ペプチドアロン,81,81*,B,
202607020805,08/16,中京5R,12,ゼットドリーム,49,49*,B,
202607020805,08/16,中京5R,13,ソブリンズオーブ,39,39*,C,
202607020805,08/16,中京5R,14,ジョーカー,81,74,B,
202607020805,08/16,中京5R,15,キングズテイル,106,80,B,
202607020805,08/16,中京5R,16,ブラストビート,68,50*,C,
202607020806,08/16,中京6R,1,ホウオウタイタン,102,91,-,
202607020806,08/16,中京6R,2,ステラクラウン,102,88,-,
202607020806,08/16,中京6R,3,エアビッグマム,96,90,-,
202607020806,08/16,中京6R,4,スターリングアップ,92,85,-,
202607020806,08/16,中京6R,5,アーリーハーベスト,80,74,-,
202607020806,08/16,中京6R,6,パフュームセント,100,85,-,
202607020806,08/16,中京6R,7,レイピカケ,103,76,-,
202607020807,08/16,中京7R,1,ブエナオンダ,104,94,-,
202607020807,08/16,中京7R,2,ファントムシーフ,-,98,-,
202607020807,08/16,中京7R,3,ラヴァンダ,107,102,-,
202607020807,08/16,中京7R,4,カズミクラーシュ,98,89,-,
202607020807,08/16,中京7R,5,ミニトランザット,94,93,-,
202607020807,08/16,中京7R,6,キープカルム,103,97,-,
202607020807,08/16,中京7R,7,カネラフィーナ,97,94,-,
202607020807,08/16,中京7R,8,スイープアワーズ,108,97,-,
202607020807,08/16,中京7R,9,リリージョワ,101,94*,-,
202607020807,08/16,中京7R,10,ナムラコスモス,105,88,-,
202607020807,08/16,中京7R,11,チェルビアット,112,96,-,
202607020807,08/16,中京7R,12,サトノシャイニング,110,103,-,
202607020807,08/16,中京7R,13,ケイズレーヴ,91,91*,-,
202607020807,08/16,中京7R,14,ミナデオロ,104,94,-,
202607020807,08/16,中京7R,15,ショウナンアデイブ,106,95,-,
202607020807,08/16,中京7R,16,カンシン,99,91,-,
202607020809,08/16,中京9R,1,デルマトカチ,72,72*,C,
202607020809,08/16,中京9R,2,ゴールドアベニュー,78,66*,B,
202607020809,08/16,中京9R,3,ロイドウェバー,81,81*,B,
202607020809,08/16,中京9R,4,ジャスティンレビン,54,-,B,
202607020809,08/16,中京9R,5,スミヨン,-,-,B,
202607020809,08/16,中京9R,6,ナムラヴンダー,94,81,B,
202607020809,08/16,中京9R,7,グリミスティ,82,73*,B,
202607020809,08/16,中京9R,8,グランシャン,-,-,C,
202607020809,08/16,中京9R,9,オープンザパンドラ,90,82,C,
202607020809,08/16,中京9R,10,ヴァンドゥーヴル,49,44*,C,
202607020809,08/16,中京9R,11,ブルーザー,85,73,B,
202607020809,08/16,中京9R,12,スクランプシャス,94,81,C,
202607020809,08/16,中京9R,13,タイセイグローバル,88,75*,B,
202607020809,08/16,中京9R,14,ダノンオブアイデア,94,75,B,
202607020809,08/16,中京9R,15,ヨシノサンキュー,12,12*,B,
202607020809,08/16,中京9R,16,スマートエラン,81,68*,B,
202607020809,08/16,中京9R,17,ノチェブエナ,79,68*,B,
202607020809,08/16,中京9R,18,レーヴドリュヌ,77,68,B,
202607020810,08/16,中京10R,1,オーケーリアン,67,63*,B,
202607020810,08/16,中京10R,2,マリーヌ,65,72*,B,
202607020810,08/16,中京10R,3,ルルフィーユ,76,73*,B,
202607020810,08/16,中京10R,4,ベルソテイラ,87,79*,B,
202607020810,08/16,中京10R,5,ザラタン,85,80*,B,
202607020810,08/16,中京10R,6,バシリス,83,63,B,
202607020810,08/16,中京10R,7,ガールズデイアウト,83,77,B,
202607020810,08/16,中京10R,8,ティエラレイナ,55,55*,B,
202607020810,08/16,中京10R,9,アーデルリーベ,85,67*,C,
202607020810,08/16,中京10R,10,ヴァイヴァーイ,77,63,B,
202607020810,08/16,中京10R,11,エイコーンドリーム,69,68*,C,
202607020810,08/16,中京10R,12,ローズゴジャール,83,65,B,
202607020810,08/16,中京10R,13,リポジノ,78,56,C,
202607020810,08/16,中京10R,14,クレマチス,85,70,B,
202607020810,08/16,中京10R,15,ブラッドムーン,60,54,C,
202607020810,08/16,中京10R,16,コズミックフレア,66,61,B,
202607020811,08/16,中京11R,1,グレゴリオ,95,85,C,
202607020811,08/16,中京11R,2,フルールジェンヌ,98,88,B,
202607020811,08/16,中京11R,3,フロンティエール,-,-,B,
202607020811,08/16,中京11R,4,ベルフラム,99,84*,B,
202607020811,08/16,中京11R,5,セルズパワー,-,-,B,
202607020811,08/16,中京11R,6,キョラムン,92,84,B,
202607020811,08/16,中京11R,7,ルージュバロン,102,85*,B,
202607020811,08/16,中京11R,8,ジョワイユノエル,90,77,B,
202607020811,08/16,中京11R,9,フィラーエ,91,81,B,
202607020811,08/16,中京11R,10,ダノンフェルゼン,88,88*,B,
202607020811,08/16,中京11R,11,フォルナックス,83,77,B,
202607020811,08/16,中京11R,12,ヴァージル,98,87,B,
202607020811,08/16,中京11R,13,スウィッチインラヴ,99,87*,B,
202607020811,08/16,中京11R,14,マイティキングダム,92,84*,B,
202607020811,08/16,中京11R,15,キングケープ,102,93*,B,
202607020811,08/16,中京11R,16,ブーディガ,79,73*,B,
202601010702,08/15,札幌2R,1,マイネルラビリンス,72,72*,C,
202601010702,08/15,札幌2R,2,オンザボー,65,65*,B,
202601010702,08/15,札幌2R,3,イッペイ,74,72*,B,
202601010702,08/15,札幌2R,4,マイネルサリーレ,47,47*,C,
202601010702,08/15,札幌2R,5,ローザベッラ,67,67*,C,
202601010702,08/15,札幌2R,6,カリスマン,55,55*,B,
202601010702,08/15,札幌2R,7,ラヴァンドローリエ,63,63*,B,
202601010702,08/15,札幌2R,8,ルージュロマーナ,64,64*,B,
202601010702,08/15,札幌2R,9,レゾンフォルテ,80,80*,B,
202601010702,08/15,札幌2R,10,タクミオジュウ,21,21*,C,
202601010703,08/15,札幌3R,1,ナブッコ,74,66,B,
202601010703,08/15,札幌3R,2,フェアリーキャット,72,61*,B,
202601010703,08/15,札幌3R,3,ソルトアイリス,-,-,B,
202601010703,08/15,札幌3R,4,トルークマクト,68,62*,B,
202601010703,08/15,札幌3R,5,シルフ,86,68*,C,
202601010703,08/15,札幌3R,6,アニマレイ,74,70,B,
202601010703,08/15,札幌3R,7,デルマハルナ,60,52*,C,
202601010703,08/15,札幌3R,8,ダイユウサルターレ,66,51,B,
202601010703,08/15,札幌3R,9,サンライズロイ,77,68,C,
202601010703,08/15,札幌3R,10,フェイスリフト,83,77,C,
202601010703,08/15,札幌3R,11,メイワキラリ,79,69,B,
202601010703,08/15,札幌3R,12,ツクバヴァンガード,79,70,B,
202601010706,08/15,札幌6R,1,グローリーバローズ,79,72*,B,
202601010706,08/15,札幌6R,2,タマモパルファン,73,73*,C,
202601010706,08/15,札幌6R,3,フラワーフェアリー,53,46*,D,
202601010706,08/15,札幌6R,4,ヒャクレツケン,83,64*,D,
202601010706,08/15,札幌6R,5,レイナデルアイレ,84,70*,C,
202601010706,08/15,札幌6R,6,ニシノシャルム,80,65*,C,
202601010706,08/15,札幌6R,7,エアヴァイブス,90,81,B,
202601010706,08/15,札幌6R,8,エイシンキーンラン,56,56*,B,
202601010706,08/15,札幌6R,9,シャルムグリーン,91,78,B,
202601010706,08/15,札幌6R,10,ショウナンバーボン,82,78*,B,
202601010706,08/15,札幌6R,11,サウンドファミリエ,87,69,B,
202601010706,08/15,札幌6R,12,ヤマヤロード,67,65*,C,
202601010706,08/15,札幌6R,13,ランウェイミューズ,85,73*,C,
202601010706,08/15,札幌6R,14,アップターンデイ,53,53*,B,
202601010707,08/15,札幌7R,1,メリザンド,97,91,B,
202601010707,08/15,札幌7R,2,エリナ,81,70,C,
202601010707,08/15,札幌7R,3,ミッキーテネシー,86,85*,B,
202601010707,08/15,札幌7R,4,アンディムジーク,86,80,B,
202601010707,08/15,札幌7R,5,エイカイコバチ,91,83*,B,
202601010707,08/15,札幌7R,6,エトワールブーケ,90,85*,B,
202601010707,08/15,札幌7R,7,ニシノエピカリ,84,76*,C,
202601010707,08/15,札幌7R,8,ヴァーナリー,66,63*,B,
202601010707,08/15,札幌7R,9,アドマイヤシュラ,92,86*,B,
202601010707,08/15,札幌7R,10,ドマーネ,91,86,C,
202601010707,08/15,札幌7R,11,ディヒターリーベ,77,77*,B,
202601010707,08/15,札幌7R,12,エイトスターズ,94,88*,C,
202601010707,08/15,札幌7R,13,セットエトワール,75,73*,B,
202601010707,08/15,札幌7R,14,キタノサリスカ,73,73*,B,
202601010707,08/15,札幌7R,15,ルージュスティーズ,89,76,B,
202601010709,08/15,札幌9R,1,コスモハナミズキ,78,57*,B,
202601010709,08/15,札幌9R,2,アヴナント,-,-,B,
202601010709,08/15,札幌9R,3,アヴィアトーレ,56,56*,B,
202601010709,08/15,札幌9R,4,キャトルブランシュ,-,-,C,
202601010709,08/15,札幌9R,5,ミラクルヴェリテ,-,-,C,
202601010709,08/15,札幌9R,6,アゴルディーノ,71,71*,A,
202601010709,08/15,札幌9R,7,ウインワーグナー,70,70*,C,
202601010709,08/15,札幌9R,8,デアグランツ,75,75*,B,
202601010710,08/15,札幌10R,1,ガットネロ,97,81,C,
202601010710,08/15,札幌10R,2,セイプリーズ,93,84,B,
202601010710,08/15,札幌10R,3,ムチャスグラシアス,83,79,B,
202601010710,08/15,札幌10R,4,ブルボンクイーン,100,88,B,
202601010710,08/15,札幌10R,5,スムースベルベット,93,85*,B,
202601010710,08/15,札幌10R,6,ブライティアダイヤ,84,81,C,
202601010710,08/15,札幌10R,7,モズトキキ,93,87,B,
202601010710,08/15,札幌10R,8,グランテレーズ,91,85,B,
202601010710,08/15,札幌10R,9,ベニシア,-,-,C,
202601010710,08/15,札幌10R,10,メイショウミリオレ,93,83,B,
202601010710,08/15,札幌10R,11,コックオーヴァン,91,77,C,
202601010710,08/15,札幌10R,12,ハリウッドメモリー,104,90,B,
202601010710,08/15,札幌10R,13,ベビーズブレス,92,78,C,
202601010710,08/15,札幌10R,14,ストレイトアスク,99,78,B,
202601010710,08/15,札幌10R,15,ミニョンマルーン,100,89*,B,
202601010710,08/15,札幌10R,16,エルサトアナ,94,77*,B,
202601010711,08/15,札幌11R,1,プロミシングスター,97,89,-,
202601010711,08/15,札幌11R,2,マンオブザマッチ,97,87,-,
202601010711,08/15,札幌11R,3,キャットテイル,87,80,-,
202601010711,08/15,札幌11R,4,ノーブルスカイ,89,84*,-,
202601010711,08/15,札幌11R,5,ゲキザル,97,85,-,
202601010711,08/15,札幌11R,6,レーウィン,101,87,-,
202601010711,08/15,札幌11R,7,セボンサデッセ,95,88,-,
202601010711,08/15,札幌11R,8,トルショー,100,85,-,
202601010711,08/15,札幌11R,9,キュールエフウジン,91,81,-,
202601010711,08/15,札幌11R,10,モズカトレア,97,77,-,
202601010711,08/15,札幌11R,11,アイウィル,97,90,-,
202601010711,08/15,札幌11R,12,アスクケンタッキー,91,76*,-,
202601010711,08/15,札幌11R,13,ロードブレイズ,99,89,-,
202601010711,08/15,札幌11R,14,スマートカイロス,103,88,-,
202604020701,08/15,新潟1R,1,ミライノシャチョウ,72,72*,B,
202604020701,08/15,新潟1R,2,ムーチョピカンテ,37,37*,D,
202604020701,08/15,新潟1R,3,フルーツバスケット,68,60*,C,
202604020701,08/15,新潟1R,4,コナパームス,51,51*,B,
202604020701,08/15,新潟1R,5,スターマイン,55,55*,C,
202604020701,08/15,新潟1R,6,シュートザワークス,34,34*,B,
202604020701,08/15,新潟1R,7,オーラムミーティア,40,40*,B,
202604020701,08/15,新潟1R,8,マルガリート,65,60*,C,
202604020701,08/15,新潟1R,9,ドミナートル,55,55*,A,
202604020704,08/15,新潟4R,1,カフェプラウド,56,53*,C,
202604020704,08/15,新潟4R,2,ホットジュピター,-,-,C,
202604020704,08/15,新潟4R,3,モーニンムスメ,13,5*,D,
202604020704,08/15,新潟4R,4,スマートレイナ,46,46*,B,
202604020704,08/15,新潟4R,5,イナンナ,48,48*,D,
202604020704,08/15,新潟4R,6,ワンダーバリエンス,53,43,B,
202604020704,08/15,新潟4R,7,ヴェントベローチェ,70,65*,C,
202604020704,08/15,新潟4R,8,ニンジャトットリ,74,66,B,
202604020704,08/15,新潟4R,9,ハンナパール,80,70,B,
202604020704,08/15,新潟4R,10,マジギレカレン,-,-,B,
202604020704,08/15,新潟4R,11,レオスキーム,61,49,C,
202604020704,08/15,新潟4R,12,レイズレガシー,76,69,B,
202604020704,08/15,新潟4R,13,ユニオンジャック,38,38*,C,
202604020704,08/15,新潟4R,14,バターショコラ,67,61*,C,
202604020704,08/15,新潟4R,15,ロンバスブレス,74,68*,C,
202604020705,08/15,新潟5R,1,スタートレイン,90,77,B,
202604020705,08/15,新潟5R,2,モティスフォント,95,86*,C,
202604020705,08/15,新潟5R,3,ココボロ,83,74*,B,
202604020705,08/15,新潟5R,4,ウフドゥウフ,84,84*,B,
202604020705,08/15,新潟5R,5,デスサイズ,93,93*,B,
202604020705,08/15,新潟5R,6,シュペルリング,83,77,B,
202604020705,08/15,新潟5R,7,ミスターマーボー,90,76,C,
202604020705,08/15,新潟5R,8,ベレーバスク,89,81,C,
202604020705,08/15,新潟5R,9,ポタリング,95,84,B,
202604020705,08/15,新潟5R,10,ヤマメライズ,83,76,D,
202604020705,08/15,新潟5R,11,デルマケセラセラ,83,84*,D,
202604020705,08/15,新潟5R,12,シャオママル,85,79,B,
202604020705,08/15,新潟5R,13,ノーブルクロンヌ,83,76*,B,
202604020705,08/15,新潟5R,14,リーデレクオーレ,85,73,B,
202604020705,08/15,新潟5R,15,グリオンヴール,94,79*,B,
202604020705,08/15,新潟5R,16,エバーラスト,86,78*,C,
202604020705,08/15,新潟5R,17,フェーダーローター,83,79,B,
202604020705,08/15,新潟5R,18,カシオペア,88,78,B,
202604020706,08/15,新潟6R,1,ダノンピクチャー,104,89*,-,
202604020706,08/15,新潟6R,2,プリズマジコ,94,87,-,
202604020706,08/15,新潟6R,3,ゴールデンパゴーダ,84,77,-,
202604020706,08/15,新潟6R,4,ランツフート,82,79*,-,
202604020706,08/15,新潟6R,5,ロードフィレール,101,85,-,
202604020706,08/15,新潟6R,6,ファーングロット,109,90,-,
202604020706,08/15,新潟6R,7,サミダレナイツ,101,86,-,
202604020706,08/15,新潟6R,8,ビップチェイス,98,92,-,
202604020706,08/15,新潟6R,9,キングズトゥルー,103,93,-,
202604020706,08/15,新潟6R,10,バンフィエルド,99,81,-,
202604020706,08/15,新潟6R,11,オールマイデイズ,105,92*,-,
202604020706,08/15,新潟6R,12,ブラックオリンピア,101,82,-,
202604020706,08/15,新潟6R,13,パッションリッチ,96,88*,-,
202604020706,08/15,新潟6R,14,ズイウンゴサイ,93,84,-,
202604020711,08/15,新潟11R,1,ジーティーソレイユ,72,63*,C,
202604020711,08/15,新潟11R,2,コンフィアンサ,91,80,C,
202604020711,08/15,新潟11R,3,ミヤカグラ,55,55*,C,
202604020711,08/15,新潟11R,4,スーホ,73,73*,B,
202604020711,08/15,新潟11R,5,アルティーノ,61,59*,C,
202604020711,08/15,新潟11R,6,リュウセイコウテイ,79,66,C,
202604020711,08/15,新潟11R,7,スタンダールロマン,70,64*,C,
202604020711,08/15,新潟11R,8,メーレスブリーゼ,71,63*,B,
202604020711,08/15,新潟11R,9,ダイユウヴェンティ,80,67*,B,
202604020711,08/15,新潟11R,10,ソレム,74,72*,B,
202604020711,08/15,新潟11R,11,シャルマンナナ,70,70*,B,
202604020711,08/15,新潟11R,12,リナシタ,66,61*,C,
202604020711,08/15,新潟11R,13,エレクトロン,75,65*,D,
202604020711,08/15,新潟11R,14,ユアベストダンサー,50,50*,B,
202604020711,08/15,新潟11R,15,メインテーマ,67,67*,C,
202604020711,08/15,新潟11R,16,ルディドゥゲンジ,63,58,B,
202604020711,08/15,新潟11R,17,カゼノオモイデ,53,53*,C,
202604020711,08/15,新潟11R,18,ラウンドヒル,84,71*,B,
202607020701,08/15,中京1R,1,アイゼンフォルク,58,58*,B,
202607020701,08/15,中京1R,2,タイセイルミナス,-,-,B,
202607020701,08/15,中京1R,3,マルモタワー,-,-,B,
202607020701,08/15,中京1R,4,タガノレクシア,-,-,A,
202607020701,08/15,中京1R,5,ルガルデ,26,26*,C,
202607020701,08/15,中京1R,6,マルモリマイベスト,-,-,C,
202607020701,08/15,中京1R,7,スピーディスピン,-,-,B,
202607020701,08/15,中京1R,8,ソリドゥス,-,-,C,
202607020701,08/15,中京1R,9,アイシテルヨナオミ,-,-,B,
202607020701,08/15,中京1R,10,シャインロード,45,45*,B,
202607020701,08/15,中京1R,11,クリコキアナ,-,-,C,
202607020701,08/15,中京1R,12,ラブシンフォニー,24,24*,B,
202607020701,08/15,中京1R,13,エコログレイス,18,18*,B,
202607020701,08/15,中京1R,14,ブレイズカルナバル,-,-,B,
202607020701,08/15,中京1R,15,ブラックミューズ,-,-,B,
202607020701,08/15,中京1R,16,スマートポーション,-,-,B,
202607020702,08/15,中京2R,1,リアンマカ,79,64*,C,
202607020702,08/15,中京2R,2,ビケイムフリー,67,55,C,
202607020702,08/15,中京2R,3,ノーブルラホーヤ,80,66,C,
202607020702,08/15,中京2R,4,リフルフォース,62,51*,B,
202607020702,08/15,中京2R,5,シバノパージャン,73,69*,C,
202607020702,08/15,中京2R,6,トウカイジーク,93,77*,C,
202607020702,08/15,中京2R,7,ヤマニンアレシス,85,77,B,
202607020702,08/15,中京2R,8,チャンピオンロード,-,-,B,
202607020702,08/15,中京2R,9,アンガーザガール,89,70*,B,
202607020702,08/15,中京2R,10,ショウナンライラ,83,75*,C,
202607020702,08/15,中京2R,11,ベルフィーノ,62,60*,B,
202607020702,08/15,中京2R,12,キュールエサクラコ,-,-,C,
202607020702,08/15,中京2R,13,デルニエジョイ,76,-,B,
202607020702,08/15,中京2R,14,モカプウイング,88,80*,B,
202607020702,08/15,中京2R,15,グッデイ,84,72,C,
202607020704,08/15,中京4R,1,アンリミテッド,80,80*,B,
202607020704,08/15,中京4R,2,アイルトン,92,80,B,
202607020704,08/15,中京4R,3,ペアピーターソン,78,69*,B,
202607020704,08/15,中京4R,4,パトローナス,84,66,B,
202607020704,08/15,中京4R,5,ルナカカオ,71,57*,B,
202607020704,08/15,中京4R,6,スワトウ,84,77,B,
202607020704,08/15,中京4R,7,ロングジーニアス,80,69*,B,
202607020704,08/15,中京4R,8,ハピネスサンライズ,82,77*,C,
202607020704,08/15,中京4R,9,ヴィーラー,86,72,B,
202607020704,08/15,中京4R,10,ルージュエテルナ,87,87*,B,
202607020704,08/15,中京4R,11,リーガルスプレンダ,62,62*,B,
202607020704,08/15,中京4R,12,リントゥラウル,91,83*,C,
202607020704,08/15,中京4R,13,パノラマステージ,72,68*,C,
202607020704,08/15,中京4R,14,モンシーク,96,87,A,
202607020705,08/15,中京5R,1,ノヴァレジーナ,30,-,B,
202607020705,08/15,中京5R,2,メイショウプレマ,-,-,B,
202607020705,08/15,中京5R,3,キミガスキダ,70,62*,C,
202607020705,08/15,中京5R,4,アティラン,60,46*,C,
202607020705,08/15,中京5R,5,ブライトココナッツ,-,-,C,
202607020705,08/15,中京5R,6,エレーデサンライズ,84,69,B,
202607020705,08/15,中京5R,7,アキノビューティー,80,69*,B,
202607020705,08/15,中京5R,8,ピンクカメリア,62,62*,C,
202607020705,08/15,中京5R,9,パーフェクトパティ,-,-,C,
202607020705,08/15,中京5R,10,クレスコフェーヴ,58,46*,C,
202607020705,08/15,中京5R,11,ベイニーニャ,57,57*,C,
202607020705,08/15,中京5R,12,ショルタメンテ,79,68*,B,
202607020705,08/15,中京5R,13,フローマジック,59,59*,B,
202607020705,08/15,中京5R,14,グランビスタ,67,56*,B,
202607020705,08/15,中京5R,15,ウォーターコトノハ,36,36*,C,
202607020705,08/15,中京5R,16,マルベック,69,59*,B,
202607020706,08/15,中京6R,1,モンテディアーナ,-,-,-,
202607020706,08/15,中京6R,2,ハルオーブ,91,88,-,
202607020706,08/15,中京6R,3,ヒーローインチーフ,104,87*,-,
202607020706,08/15,中京6R,4,モンサンゴールデン,97,91*,-,
202607020706,08/15,中京6R,5,パリコレジェンヌ,91,81,-,
202607020706,08/15,中京6R,6,タミゼ,77,77*,-,
202607020706,08/15,中京6R,7,トップアタック,94,74,-,
202607020706,08/15,中京6R,8,ファイツオン,79,68*,-,
202607020706,08/15,中京6R,9,シラヌイ,90,79*,-,
202607020706,08/15,中京6R,10,フォーゲル,105,88,-,
202607020706,08/15,中京6R,11,インフローレ,93,83,-,
202607020709,08/15,中京9R,1,ルシタニア,88,82*,B,
202607020709,08/15,中京9R,2,メイショウマドロス,-,90*,C,
202607020709,08/15,中京9R,3,エイシンティザー,-,-,B,
202607020709,08/15,中京9R,4,ソリッドベーシス,76,62*,C,
202607020709,08/15,中京9R,5,メイショウサッソウ,80,68*,C,
202607020709,08/15,中京9R,6,オーレアミスト,81,74*,B,
202607020709,08/15,中京9R,7,インシオン,81,70,B,
202607020709,08/15,中京9R,8,アーサーバローズ,71,65,B,
202607020709,08/15,中京9R,9,プロスペクトパーク,89,80,B,
202607020709,08/15,中京9R,10,タイセイドラード,-,90*,B,
202607020709,08/15,中京9R,11,ナリノシャーウッド,84,73*,C,
202607020709,08/15,中京9R,12,タリスマン,89,78,C,
202607020709,08/15,中京9R,13,ケンフィールド,90,85,B,
202607020709,08/15,中京9R,14,ロックウイズユー,73,71*,B,
202607020709,08/15,中京9R,15,ヨカオウ,86,86*,C,
202607020709,08/15,中京9R,16,ケイアイアマゾン,102,78,C,
202607020710,08/15,中京10R,1,タイセイサーブル,89,66*,B,
202607020710,08/15,中京10R,2,エブリデイ,87,71,B,
202607020710,08/15,中京10R,3,アーディアイリ,69,65,B,
202607020710,08/15,中京10R,4,ラブミーナッソー,86,67,B,
202607020710,08/15,中京10R,5,レーヴドアンジュ,85,79*,B,
202607020710,08/15,中京10R,6,バルミラクル,82,72,C,
202607020710,08/15,中京10R,7,ナムラティアラ,85,63,B,
202607020710,08/15,中京10R,8,アスクムービーオン,73,78*,B,
202607020710,08/15,中京10R,9,ミルミナーヴァ,93,63*,B,
202607020710,08/15,中京10R,10,ザングウィル,93,83,B,
202607020710,08/15,中京10R,11,エイシンマールス,90,79,B,
202607020710,08/15,中京10R,12,アーガイルショア,88,74,B,
202607020710,08/15,中京10R,13,シュテフィ,76,61,B,
202607020710,08/15,中京10R,14,ジューンセクレタ,88,76,B,
202607020710,08/15,中京10R,15,キーンセンス,82,81*,B,
202607020710,08/15,中京10R,16,ララバッカナール,98,84,B,
